0,0,0,0,0,0,0,0,0,0,0,0,0,0,0,0,0,0,0,0,0,0,0,0,0,0,0,0,0,0,0,0,0,0,0,0,0,0,0,0,0,0,0,0,0,0,0,0,0,0,0,0,0,0,0,0,0,0,0,0,0,0,0,0,0,0,0,0,0,0,0,0,0,0,0,0,0,0,0,0,0,0,0,0,0.421996413628213,0.843992827256426,0.421996413628213,0,0,0,0,0,0,0,0,0,0,0,0,0,0,0,0,0,0,0,0,0,0,0,0,0,0,0,0,0,0,0,0,0,0,0,0,0,0,0,0,0,0,0,0,0,0,0,0,0,0,0,0,0,0,0,0,0,0,0,0,0,0,0,0,0,0,0,0,0,0,0,0,0,0,0,0,0,0,0,0,0,0,0,0,0,0,0,0,0,0,0,0,0,0,0,0,0,0,0,0,0,0,0
0,0,0,0,0,0,0,0,0,0,0,0,0,0,0,0,0,0,0,0,0,0,0,0,0,0,0,0,0,0,0,0,0,0,0,0,0,0,0,0,0,0,0,0,0,0,0,0,0,0,0,0,0,0,0,0,0,0,0,0,0,0,0,0,0,0,0,0,0,0,0,0,0,0,0,0,0,0,0,0,0,0,0.843992827256426,0.421996413628213,0.843992827256426,2.53197848176928,0,0,0,0,0,0,0,0,0,0,0,0,0,0,0,0,0,0,0,0,0,0,0,0,0,0,0,0,0,0,0,0,0,0,0,0,0,0,0,0,0,0,0,0,0,0,0,0,0,0,0,0,0,0,0,0,0,0,0,0,0,0,0,0,0,0,0,0,0,0,0,0,0,0,0,0,0,0,0,0,0,0,0,0,0,0,0,0,0,0,0,0,0,0,0,0,0,0,0,0,0,0,0,0
0,0,0,0,0,0,0,0,0,0,0,0,0,0,0,0,0,0,0,0,0,0,0,0,0,0,0,0,0,0,0,0,0,0,0,0,0,0,0,0,0,0,0,0,0,0,0,0,0,0,0,0,0,0,0,0,0,0,0,0,0,0,0,0,0,0,0,0,0,0,0,0,0,0,0,0,0,0,0,0,0,1.26598924088464,0.421996413628213,0,0.421996413628213,4.64196054991034,0,0,0,0,0,0,0,0,0,0,0,0,0,0,0,0,0,0,0,0,0,0,0,0,0,0,0,0,0,0,0,0,0,0,0,0,0,0,0,0,0,0,0,0,0,0,0,0,0,0,0,0,0,0,0,0,0,0,0,0,0,0,0,0,0,0,0,0,0,0,0,0,0,0,0,0,0,0,0,0,0,0,0,0,0,0,0,0,0,0,0,0,0,0,0,0,0,0,0,0,0,0,0,0
0,0,0,0,0,0,0,0,0,0,0,0,0,0,0,0,0,0,0,0,0,0,0,0,0,0,0,0,0,0,0,0,0,0,0,0,0,0,0,0,0,0,0,0,0,0,0,0,0,0,0,0,0,0,0,0,0,0,0,0,0,0,0,0,0,0,0,0,0,0,0,0,0,0,0,0,0,0,0,0,0,0.421996413628213,0,0.421996413628213,0,1.26598924088464,0,0,0,0,0,0,0,0,0,0,0,0,0,0,0,0,0,0,0,0,0,0,0,0,0,0,0,0,0,0,0,0,0,0,0,0,0,0,0,0,0,0,0,0,0,0,0,0,0,0,0,0,0,0,0,0,0,0,0,0,0,0,0,0,0,0,0,0,0,0,0,0,0,0,0,0,0,0,0,0,0,0,0,0,0,0,0,0,0,0,0,0,0,0,0,0,0,0,0,0,0,0,0,0
0,0,0,0,0,0,0,0,0,0,0,0,0,0,0,0,0,0,0,0,0,0,0,0,0,0,0,0,0,0,0,0,0,0,0,0,0,0,0,0,0,0,0,0,0,0,0,0,0,0,0,0,0,0,0,0,0,0,0,0,0,0,0,0,0,0,0,0,0,0,0,0,0,0,0,0,0,0,0,0,0,0,0.843992827256426,0,0.421996413628213,0,0.421996413628213,0,0.421996413628213,0.843992827256426,0.843992827256426,0,0,0,0,0,0,0,0,0,0,0,0,0,0,0,0,0,0,0,0,0,0,0,0,0,0,0,0,0,0,0,0,0,0,0,0,0,0,0,0,0,0,0,0,0,0,0,0,0,0,0,0,0,0,0,0,0,0,0,0,0,0,0,0,0,0,0,0,0,0,0,0,0,0,0,0,0,0,0,0,0,0,0,0,0,0,0,0,0,0,0,0,0,0,0,0,0,0,0
0,0,0,0,0,0,0,0,0,0,0,0,0,0,0,0,0,0,0,0,0,0,0,0,0,0,0,0,0,0,0,0,0,0,0,0,0,0,0,0,0,0,0,0,0,0,0,0,0,0,0,0,0,0,0,0,0,0,0,0,0,0,0,0,0,0,0,0,0,0,0,0,0,0,0,0,0,0,0,0,0,1.26598924088464,0.421996413628213,0.421996413628213,0.843992827256426,0.421996413628213,0.421996413628213,0,0.421996413628213,0,0.421996413628213,0,0,0,0,0,0,0,0,0,0,0,0,0,0,0,0,0,0,0,0,0,0,0,0,0,0,0,0,0,0,0,0,0,0,0,0,0,0,0,0,0,0,0,0,0,0,0,0,0,0,0,0,0,0,0,0,0,0,0,0,0,0,0,0,0,0,0,0,0,0,0,0,0,0,0,0,0,0,0,0,0,0,0,0,0,0,0,0,0,0,0,0,0,0,0,0,0,0,0
0,0,0,0,0,0,0,0,0,0,0,0,0,0,0,0,0,0,0,0,0,0,0,0,0,0,0,0,0,0,0,0,0,0,0,0,0,0,0,0,0,0,0,0,0,0,0,0,0,0,0,0,0,0,0,0,0,0,0,0,0,0,0,0,0,0,0,0,0,0,0,0,0,0,0,0,0,0,0,0,0,0,0.843992827256426,0.843992827256426,0,0,1.26598924088464,0.421996413628213,0.843992827256426,0,0.843992827256426,0,0,0,0,0,0,0,0,0,0,0,0,0,0,0,0,0,0,0,0,0,0,0,0,0,0,0,0,0,0,0,0,0,0,0,0,0,0,0,0,0,0,0,0,0,0,0,0,0,0,0,0,0,0,0,0,0,0,0,0,0,0,0,0,0,0,0,0,0,0,0,0,0,0,0,0,0,0,0,0,0,0,0,0,0,0,0,0,0,0,0,0,0,0,0,0,0,0,0
0,0,0,0,0,0,0,0,0,0,0,0,0,0,0,0,0,0,0,0,0,0,0,0,0,0,0,0,0,0,0,0,0,0,0,0,0,0,0,0,0,0,0,0,0,0,0,0,0,0,0,0,0,0,0,0,0,0,0,0,0,0,0,0,0,0,0,0,0,0,0,0,0,0,0,0,0,0,0,0,0,0.843992827256426,0.421996413628213,0.421996413628213,0,0,0,0,0,0,0.421996413628213,0.421996413628213,1.26598924088464,0,0,0,0,0,0,0,0,0,0,0,0,0,0,0,0,0,0,0,0,0,0,0,0,0,0,0,0,0,0,0,0,0,0,0,0,0,0,0,0,0,0,0,0,0,0,0,0,0,0,0,0,0,0,0,0,0,0,0,0,0,0,0,0,0,0,0,0,0,0,0,0,0,0,0,0,0,0,0,0,0,0,0,0,0,0,0,0,0,0,0,0,0,0,0,0,0
0,0,0,0,0,0,0,0,0,0,0,0,0,0,0,0,0,0,0,0,0,0,0,0,0,0,0,0,0,0,0,0,0,0,0,0,0,0,0,0,0,0,0,0,0,0,0,0,0,0,0,0,0,0,0,0,0,0,0,0,0,0,0,0,0,0,0.421996413628213,0,0,0,0,0,0,0,0,0,0,0,0,0,0,1.26598924088464,1.26598924088464,1.26598924088464,0,0.421996413628213,0,0,0,0,0,0,0,0,0,0,0,0,0,0,0,0,0,0,0,0,0,0,0,0,0,0,0,0,0,0,0,0,0,0,0,0,0,0,0,0,0,0,0,0,0,0,0,0,0,0,0,0,0,0,0,0,0,0,0,0,0,0,0,0,0,0,0,0,0,0,0,0,0,0,0,0,0,0,0,0,0,0,0,0,0,0,0,0,0,0,0,0,0,0,0,0,0,0,0,0,0,0,0,0
0,0,0,0,0,0,0,0,0,0,0,0,0,0,0,0,0,0,0,0,0,0,0,0,0,0,0,0,0,0,0,0,0,0,0,0,0,0,0,0,0,0,0,0,0,0,0,0,0,0,0,0,0,0,0,0,0,0,0,0,0,0,0,0,0,0,0,0.843992827256426,0.421996413628213,0,0.421996413628213,0.421996413628213,0,0,0,0,0,0,0,0,0,0,0,2.10998206814106,2.10998206814106,0.421996413628213,0,0.421996413628213,0.421996413628213,0,0,0,0.421996413628213,0,0,0,0,0,0,0,0,0,0,0,0,0,0,0,0,0,0,0,0,0,0,0,0,0,0,0,0,0,0,0,0,0,0,0,0,0,0,0,0,0,0,0,0,0,0,0,0,0,0,0,0,0,0,0,0,0,0,0,0,0,0,0,0,0,0,0,0,0,0,0,0,0,0,0,0,0,0,0,0,0,0,0,0,0,0,0,0,0,0,0,0,0,0,0,0,0
0,0,0,0,0,0,0,0,0,0,0,0,0,0,0,0,0,0,0,0,0,0,0,0,0,0,0,0,0,0,0,0,0,0,0,0,0,0,0,0,0,0,0,0,0,0,0,0,0,0,0,0,0,0,0,0,0,0,0,0,0,0,0.421996413628213,0,0,0,0,1.68798565451285,0.421996413628213,0,0.421996413628213,0.843992827256426,0,0,0,0,0,0,0,0,0,0,0,0,1.26598924088464,0.421996413628213,0,0.843992827256426,0,0,0,0,0.843992827256426,0.421996413628213,0,0,0,0,0,0,0,0,0,0,0,0,0,0,0,0,0,0,0,0,0,0,0,0,0,0,0,0,0,0,0,0,0,0,0,0,0,0,0,0,0,0,0,0,0,0,0,0,0,0,0,0,0,0,0,0,0,0,0,0,0,0,0,0,0,0,0,0,0,0,0,0,0,0,0,0,0,0,0,0,0,0,0,0,0,0,0,0,0,0,0,0,0,0,0,0
0,0,0,0,0,0,0,0,0,0,0,0,0,0,0,0,0,0,0,0,0,0,0,0,0,0,0,0,0,0,0,0,0,0,0,0,0,0,0,0,0,0,0,0,0,0,0,0,0,0,0,0,0,0,0,0,0,0,0,0,0,0.421996413628213,0.421996413628213,0.421996413628213,0,0,0,0.843992827256426,0.421996413628213,0,0,0,0,0,0,0,0,0,0,0,0,0,0,0,0,0,0,0,0,0,0,0,0.421996413628213,0,0,0.421996413628213,0.421996413628213,0,0.421996413628213,0,0,0,0,0,0,0,0,0,0,0,0,0,0,0,0,0,0,0,0,0,0,0,0,0,0,0,0,0,0,0,0,0,0,0,0,0,0,0,0,0,0,0,0,0,0,0,0,0,0,0,0,0,0,0,0,0,0,0,0,0,0,0,0,0,0,0,0,0,0,0,0,0,0,0,0,0,0,0,0,0,0,0,0,0,0,0,0,0,0,0
0,0,0,0,0,0,0,0,0,0,0,0,0,0,0,0,0,0,0,0,0,0,0,0,0,0,0,0,0,0,0,0,0,0,0,0,0,0,0,0,0,0,0,0,0,0,0.421996413628213,0,0.421996413628213,0,2.10998206814106,1.68798565451285,0,0,0,0,0,0,0,0.421996413628213,0,0,0,0.843992827256426,0,0.421996413628213,0,2.10998206814106,0.421996413628213,0,0,0,0,0,0,0,0,0,0,0,0,0,0,0,0,0,0,0,0,0.421996413628213,0,0.421996413628213,0,0,0,0.421996413628213,0,0,0,0,0,0,0,0,0,0,0,0,0,0,0,0,0,0,0,0,0,0,0,0,0,0,0,0,0,0,0,0,0,0,0,0,0,0,0,0,0,0,0,0,0,0,0,0,0,0,0,0,0,0,0,0,0,0,0,0,0,0,0,0,0,0,0,0,0,0,0,0,0,0,0,0,0,0,0,0,0,0,0,0,0,0,0,0,0,0,0,0,0,0
0,0,0,0,0,0,0,0,0,0,0,0,0,0,0,0,0,0,0,0,0,0,0,0,0,0,0,0,0,0,0,0,0,0,0,0,0,0,0,0,0,0,0,0,0,0.421996413628213,0,0.421996413628213,0,0,1.26598924088464,1.26598924088464,0.421996413628213,0,0,0,0,0,0.843992827256426,0.421996413628213,0,0.421996413628213,0,0.421996413628213,0,0,0,0.843992827256426,0,0,0.421996413628213,0,0.421996413628213,0,0,0,0,0,0,0,0,0,0,0,0,0,0,0,0,0.421996413628213,0,0.421996413628213,0,1.26598924088464,0,0,0,0,0,0,0.421996413628213,0,0,0,0,0,0,0,0,0,0,0,0,0,0,0,0,0,0,0,0,0,0,0,0,0,0,0,0,0,0,0,0,0,0,0,0,0,0,0,0,0,0,0,0,0,0,0,0,0,0,0,0,0,0,0,0,0,0,0,0,0,0,0,0,0,0,0,0,0,0,0,0,0,0,0,0,0,0,0,0,0,0,0,0,0,0,0,0,0
0,0,0,0,0,0,0,0,0,0,0,0,0,0,0,0,0,0,0,0,0,0,0,0,0,0,0,0,0,0,0,0,0,0,0,0,0,0,0,0,0,0,0,0,0.421996413628213,0,0,0.843992827256426,0,0,0,0.843992827256426,0,0,0,0.421996413628213,0,0,0.843992827256426,0.843992827256426,0.421996413628213,0,0,0,0,0,0,1.26598924088464,0,0,0,0,0,0,0,0,0,0,0,0,0,0,0,0,0,0,0,0.421996413628213,0,0,0,0,0.843992827256426,0,0.421996413628213,0,0.421996413628213,0.421996413628213,0,0,0.421996413628213,1.26598924088464,0.843992827256426,0,0,0,0,0,0,0,0,0,0,0,0,0,0,0,0,0,0,0,0,0,0,0,0,0,0,0,0,0,0,0,0,0,0,0,0,0,0,0,0,0,0,0,0,0,0,0,0,0,0,0,0,0,0,0,0,0,0,0,0,0,0,0,0,0,0,0,0,0,0,0,0,0,0,0,0,0,0,0,0,0,0,0,0,0,0,0
0,0,0,0,0,0,0,0,0,0,0,0,0,0,0,0,0,0,0,0,0,0,0,0,0,0,0,0,0,0,0,0,0,0,0,0,0,0,0,0,0,0,0,0,0,0,0,0,0,0,0.421996413628213,0.421996413628213,0,0.421996413628213,0,0,0,0,0.421996413628213,0.843992827256426,0,0,0.421996413628213,0,0,0,0.421996413628213,0,0.421996413628213,0,0,0,0,0,0,0,0,0,0,0,0,0,0,0,0,0,0,0,0,0,0,0,0.421996413628213,0.421996413628213,0,0,0.843992827256426,0,0,0,0,0.421996413628213,0.421996413628213,0,0,0,0,0,0,0,0,0,0,0,0,0,0,0,0,0,0,0,0,0,0,0,0,0,0,0,0,0,0,0,0,0,0,0,0,0,0,0,0,0,0,0,0,0,0,0,0,0,0,0,0,0,0,0,0,0,0,0,0,0,0,0,0,0,0,0,0,0,0,0,0,0,0,0,0,0,0,0,0,0,0,0,0,0,0,0
0,0,0,0,0,0,0,0,0,0,0,0,0,0,0,0,0,0,0,0,0,0,0,0,0,0,0,0,0,0,0,0,0,0,0,0,0,0,0,0,0,0,0,0,0.421996413628213,0,0,0,0,0,0,0,0,0,0,0,0,0,0.843992827256426,0.421996413628213,0.843992827256426,0,0,0,0,0,0,0,0.843992827256426,0,0,0,0,0,0.421996413628213,1.26598924088464,0,0,0,0,0,0,0,0,0,0,0,0,0.421996413628213,0.421996413628213,0,0.421996413628213,0.421996413628213,0.843992827256426,0,0.421996413628213,0,0,0,0,0.421996413628213,0.843992827256426,0.421996413628213,0,0,0,0,0,0,0,0,0,0,0,0,0,0,0,0,0,0,0,0,0,0,0,0,0,0,0,0,0,0,0,0,0,0,0,0,0,0,0,0,0,0,0,0,0,0,0,0,0,0,0,0,0,0,0,0,0,0,0,0,0,0,0,0,0,0,0,0,0,0,0,0,0,0,0,0,0,0,0,0,0,0,0,0,0,0,0
0,0,0,0,0,0,0,0,0,0,0,0,0,0,0,0,0,0,0,0,0,0,0,0,0,0,0,0,0,0,0,0,0,0,0,0,0,0,0,0,0,0,0,0,0,0,0,0,0,0.421996413628213,0.421996413628213,0,0,0,0,0,0,0,0,1.26598924088464,0.843992827256426,0,0,0,0,0,0,0,0,0,0,0,0.421996413628213,0,0.843992827256426,1.26598924088464,0,0,0,0,0,0,0,0,0,0,0,0,0,0,0.421996413628213,0.421996413628213,0,0,0.421996413628213,0,0.843992827256426,0,0,0.421996413628213,0,0,0,0,0,0,0,0.421996413628213,0,0,0,0,0,0,0,0,0,0,0,0,0,0,0,0,0,0,0,0,0,0,0,0,0,0,0,0,0,0,0,0,0,0,0,0,0,0,0,0,0,0,0,0,0,0,0,0,0,0,0,0,0,0,0,0,0,0,0,0,0,0,0,0,0,0,0,0,0,0,0,0,0,0,0,0,0,0,0,0,0,0
0,0,0,0,0,0,0,0,0,0,0,0,0,0,0,0,0,0,0,0,0,0,0,0,0,0,0,0,0,0,0,0,0,0,0,0,0,0,0,0,0,0,0,0,0,0,0,0.421996413628213,0,0.421996413628213,0.843992827256426,0,0,0,0,0,0,0,0,0.421996413628213,0.421996413628213,0,0,0,0,0,0,0,0,0,0,0.421996413628213,0,0,0.421996413628213,0.843992827256426,1.26598924088464,0,0,0,0,0,0,0,0,0,0,0,0,0,0,0,0,0.421996413628213,0.843992827256426,0,0,0,0,0,0,0,0,0,0,0,0,0,0,0.421996413628213,0,0,0,0,0,0,0,0,0,0,0,0,0,0,0,0,0,0,0,0,0,0,0,0,0,0,0,0,0,0,0,0,0,0,0,0,0,0,0,0,0,0,0,0,0,0,0,0,0,0,0,0,0,0,0,0,0,0,0,0,0,0,0,0,0,0,0,0,0,0,0,0,0,0,0,0,0,0,0,0
0,0,0,0,0,0,0,0,0,0,0,0,0,0,0,0,0,0,0,0,0,0,0,0,0,0,0,0,0,0,0,0,0,0,0,0,0,0,0,0,0,0,0,0,0,0,0,0,0.421996413628213,0.421996413628213,0,1.26598924088464,0,0,0,0,0,0,0,0.421996413628213,0,0,0,0,0,0.421996413628213,0,0,0,0,0,0.421996413628213,0,0,0.843992827256426,0.843992827256426,0.843992827256426,0.843992827256426,0,0,0,0,0,0,0,0,0,0,0,0,0,0,0,1.68798565451285,1.26598924088464,0.421996413628213,0.421996413628213,0,0.843992827256426,0,0.421996413628213,0.421996413628213,0,0.421996413628213,0,0,0,0.421996413628213,1.68798565451285,0.843992827256426,0,0.421996413628213,0,0,0,0,0,0,0,0,0,0,0,0,0,0,0,0,0,0,0,0,0,0,0,0,0,0,0,0,0,0,0,0,0,0,0,0,0,0,0,0,0,0,0,0,0,0,0,0,0,0,0,0,0,0,0,0,0,0,0,0,0,0,0,0,0,0,0,0,0,0,0,0,0,0,0,0,0,0
0,0,0,0,0,0,0,0,0,0,0,0,0,0,0,0,0,0,0,0,0,0,0,0,0,0,0,0,0,0,0,0,0,0,0,0,0,0,0,0,0,0,0,0,0.421996413628213,0,0,0,0,0.421996413628213,0,0,0,0.421996413628213,0,0,0,0,0,0,0,0,0,0,0,0,0,0,0,0,0,0,0,0,0,1.26598924088464,0,0.421996413628213,0.421996413628213,0,0,0,0,0,0,0,0,0,0,0,0,0,0,0,1.68798565451285,1.26598924088464,0,0,0,0.843992827256426,0,0,0,0,0.421996413628213,0,0,0,0,1.26598924088464,0.421996413628213,0,0,0,0,0,0,0,0,0,0,0,0,0,0,0,0,0,0,0,0,0,0,0,0,0.843992827256426,0,0,0,0.421996413628213,0,0,0,0,0,0,0,0,0,0,0,0,0,0,0,0,0,0,0,0,0,0,0,0,0,0,0,0,0,0,0,0,0,0,0,0,0,0,0,0,0,0,0,0,0,0,0,0,0,0
0,0,0,0,0,0,0,0,0,0,0,0,0,0,0,0,0,0,0,0,0,0,0,0,0,0,0,0,0,0,0,0,0,0,0,0,0,0,0,0,0,0,0.843992827256426,0,0.421996413628213,0,0,0.421996413628213,0,0,0,0,0,0,0,0,0,0,0,0,0,0.421996413628213,0,0,0,0.843992827256426,1.26598924088464,0,0,0,0,0,0,0.843992827256426,1.68798565451285,0,0,0,0.421996413628213,0.843992827256426,0.421996413628213,0,0,0,0,0,0,0,0,0,0,0,0,0,0,0,0,0,0.421996413628213,0,0.843992827256426,0,0,0,0,0,0,0,0,0,0.421996413628213,0,0,0,0,0,0,0,0,0,0,0,0,0,0,0,0,0,0,0,0,0,1.68798565451285,1.68798565451285,1.26598924088464,0.843992827256426,0,0,0,0,0.421996413628213,0.421996413628213,0,0,0,0,0,0,0,0,0,0,0,0,0,0,0,0,0,0,0,0,0,0,0,0,0,0,0,0,0,0,0,0,0,0,0,0,0,0,0,0,0,0,0,0,0,0,0,0
0,0,0,0,0,0,0,0,0,0,0,0,0,0,0,0,0,0,0,0,0,0,0,0,0,0,0,0,0,0,0,0,0,0,0,0,0,0,0,0,0.421996413628213,0.421996413628213,0,0.421996413628213,0,0,0,0,0,0,0,0,0,0,0,0,0,0,0.421996413628213,0,0,0,0,0,0,0.421996413628213,0.421996413628213,0,0,0,0,0,0,0.421996413628213,0,0,0,0,1.26598924088464,0.843992827256426,0.421996413628213,0,0.421996413628213,0,0,0,0,0,0,0,0,0,0,0,0,0,0,0,2.10998206814106,0.843992827256426,1.68798565451285,0,0,0,0,0,0,0,0,0,0,0,0,0,0,0,0,0,0,0,0,0,0,0,0,0,0,0,0,0,2.10998206814106,0.843992827256426,0.421996413628213,0,0.421996413628213,0.421996413628213,0.421996413628213,0,0.421996413628213,0,0,0,0,0,0,0,0,0,0,0,0,0,0,0,0,0,0,0,0,0,0,0,0,0,0,0,0,0,0,0,0,0,0,0,0,0,0,0,0,0,0,0,0,0,0,0,0,0,0,0
0,0,0,0,0,0,0,0,0,0,0,0,0,0,0,0,0,0,0,0,0,0,0,0,0,0,0,0,0,0,0,0,0,0,0,0,0,0,2.10998206814106,0.843992827256426,0.421996413628213,0,0,0.421996413628213,0,0,0.843992827256426,0,0.843992827256426,0,0,0,0,0,0,0.421996413628213,0,0,0,0,0,0,0,0,0,0,0.421996413628213,0,0,0,0,0,0,0.421996413628213,0,0,0,0.421996413628213,0,0.843992827256426,0,0.421996413628213,1.26598924088464,0,0,0,0,0,0,0,0,0,0,0,0,0,0,0,0.843992827256426,1.68798565451285,3.3759713090257,0,0,0.421996413628213,0.421996413628213,0,0,0,0,0,0,0.421996413628213,0,0,0,0,0,0,0,0,0,0,0,0,0,0,0,0,0,0,0,0,0.421996413628213,2.10998206814106,0,0,0,0.421996413628213,0,0.421996413628213,0,0,0,0,0,0,0,0,0,0,0,0,0,0,0,0,0,0,0,0,0,0,0,0,0,0,0,0,0,0,0,0,0,0,0,0,0,0,0,0,0,0,0,0,0,0,0,0,0,0
0,0,0,0,0,0,0,0,0,0,0,0,0,0,0,0,0,0,0,0,0,0,0,0,0,0,0,0,0,0,0,0,0,0,0.843992827256426,0,0.421996413628213,0,1.68798565451285,0.421996413628213,0.421996413628213,0,0.421996413628213,0,0.421996413628213,0.421996413628213,0,0,0.421996413628213,0,0,0,0,0,0,0,0,0,0.421996413628213,0,0,0,0,0,0,0.421996413628213,0,0,0.421996413628213,0.421996413628213,0,0,0,0,0,0,0,0.421996413628213,0,0,0,1.26598924088464,0.421996413628213,1.68798565451285,0,0,0.421996413628213,0,0,0,0,0,0,0,0,0,0,0,0,0,0.421996413628213,0,0,0.421996413628213,0,0,0,0,0,0,0,0,0,0,0,0,0,0,0,0,0,0,0,0,0,0.843992827256426,1.68798565451285,0,0,0,0,0,0.421996413628213,0.421996413628213,0,0,0.421996413628213,0.421996413628213,0,0.421996413628213,0,0,0,0,0,0,0,0,0,0,0,0,0,0,0,0,0,0,0,0,0,0,0,0,0,0,0,0,0,0,0,0,0,0,0,0,0,0,0,0,0,0,0,0,0,0,0,0,0,0
0,0,0,0,0,0,0,0,0,0,0,0,0,0,0,0,0,0,0,0,0,0,0,0,0,0,0,0,0,0,0,0,0,0.421996413628213,0.421996413628213,0.421996413628213,0,0.421996413628213,0.421996413628213,0,0,0,0.421996413628213,0,0,0,0,0.421996413628213,0,0,0,0,0,0,0,0,0,0,0,0,0.421996413628213,0,0,0,0,0.421996413628213,0,0,0,0,0,0,0,0,0,0,0,0,0,0,0,0,0.421996413628213,0.843992827256426,0,0,0.421996413628213,0.421996413628213,0,0,0,0,0,0,0,0,0,0,0,0,0,0,0,0.843992827256426,1.68798565451285,0,0,0,0,0,0.421996413628213,0,0,0,0,0,0,0,0,0,0,0,0,0,0,0,0,0,0.421996413628213,0,0,0,0.421996413628213,0.421996413628213,0.421996413628213,0,0,0,0,0,0.421996413628213,0,0,0,0,0,0,0,0,0,0,0,0,0,0,0,0,0,0,0,0,0,0,0,0,0,0,0,0,0,0,0,0,0,0,0,0,0,0,0,0,0,0,0,0,0,0,0,0,0
0,0,0,0,0,0,0,0,0,0,0,0,0,0,0,0,0,0,0,0,0,0,0,0,0,0,0,0,0,0,0,0,0,0,0,0.421996413628213,0,0.421996413628213,0.421996413628213,0,0,0,0,0.421996413628213,1.26598924088464,0,0.421996413628213,0,0.421996413628213,0,0.421996413628213,0,0,0,0,0,0,0,0,0,0,0,0,0,0,2.10998206814106,0.421996413628213,0,0,0,0,0,0,0,0,0,0,0.421996413628213,0,0,0,0,0,0,0,0,0.421996413628213,0.421996413628213,0,0,0,0,0,0,0,0,0,0,0,0,0,0,0,0,0,0,0,0,1.26598924088464,0,0.421996413628213,0,0,0,0,0,0,0,0,0,0,0,0,0,0,0,0,0.421996413628213,0,0,0,0.421996413628213,0,0.843992827256426,0,0,0,0,0,0,0.421996413628213,0,0,0.421996413628213,0,0,0,0,0,0,0,0,0,0,0,0,0,0,0,0,0,0,0,0,0,0,0,0,0,0,0,0,0,0,0,0,0,0,0,0,0,0,0,0,0,0,0,0,0,0
0,0,0,0,0,0,0,0,0,0,0,0,0,0,0,0,0,0,0,0,0,0,0,0,0,0,0,0,0,0,0,0,0,0,0.421996413628213,0,0,0,0,0,0,0,0,0,0.421996413628213,0,0,0,0,0,0,0.421996413628213,0,0,0,0.421996413628213,0,0,0,0,0,0,0,0,0,0,0,0,0,0,0,0,0,0.843992827256426,0,0,0,0,0,0,0,0.843992827256426,0,0.421996413628213,0,0.843992827256426,0,0.421996413628213,0,0,0,0,0,0,0,0,0,0,0,0,0,0,0,0,0,0,0,1.68798565451285,0,0,0.421996413628213,0,0,0,0,0,0,0,0,0,0,0,0,0,0,0,0,0,0,0,0,0.843992827256426,0,0,0,0.421996413628213,0,0,0,0,0.421996413628213,0.421996413628213,0.843992827256426,0.421996413628213,0,0,0,0,0,0,0,0,0,0,0,0,0,0,0,0,0,0,0,0,0,0,0,0,0,0,0,0,0,0,0,0,0,0,0,0,0,0,0,0,0,0,0,0,0,0
0,0,0,0,0,0,0,0,0,0,0,0,0,0,0,0,0,0,0,0,0,0,0,0,0,0,0,0,0,0,0,0,0.421996413628213,0,0,1.26598924088464,0,0,0.421996413628213,0,0.421996413628213,0,0,0.421996413628213,0.421996413628213,0.421996413628213,0.843992827256426,0.421996413628213,0,0,0.421996413628213,0,0,0,0,0,0,0,0.421996413628213,0,0,0.421996413628213,0.421996413628213,0,0,0,0,0,0,0,0,0,0,0,0,0,0,0,0,0,0,0,0,0,0.843992827256426,0,0,0.421996413628213,0.421996413628213,1.26598924088464,0.421996413628213,0.421996413628213,0.421996413628213,0,0,0,0,0,0,0,0,0,0.421996413628213,0,0,0,0,0,0,0,0,0,0.421996413628213,0,0,0,0,0,0,0,0,0,0,0,0,0,0,0,0,0.421996413628213,0,0.421996413628213,0,0.421996413628213,0,0,0,0,0,0,0,0,0,0,0,0,0,0,0,0,0,0,0,0,0,0,0,0,0,0,0,0,0,0,0,0,0,0,0,0,0,0,0,0,0,0,0,0,0,0,0,0,0,0,0,0,0,0,0,0
0,0,0,0,0,0,0,0,0,0,0,0,0,0,0,0,0,0,0,0,0,0,0,0,0,0,0,0,0.421996413628213,0.843992827256426,0.843992827256426,0,0,0,0,1.26598924088464,0,0,0.421996413628213,0,0,0,0.421996413628213,0,0,0,0.421996413628213,0,0,0,0,0,0.421996413628213,0.421996413628213,0,0,0,0,0,0,0,0.421996413628213,0,0,0.421996413628213,0.421996413628213,0,0,0,0,0,0,0.421996413628213,0.843992827256426,0,0,0,0,0,0.421996413628213,0,0.421996413628213,0,0,0,0,0,0,0,0,0.421996413628213,0,0,0,0,0,0,0,0,0,0,0,0.421996413628213,0,0,0.843992827256426,0,0,0.421996413628213,0.421996413628213,0.421996413628213,0,0,0.843992827256426,0,0,0,0,0,0,0,0,0,0,0,0,0,0,0,0,0,0,0,0.843992827256426,0.421996413628213,0,0,0,0,0,0,0,0,0,0.421996413628213,0,0,0,0,0,0,0,0,0,0,0,0,0,0,0,0,0,0,0,0,0,0,0,0,0,0,0,0,0,0,0,0,0,0,0,0,0,0,0,0,0,0,0,0,0
0,0,0,0,0,0,0,0,0,0,0,0,0,0,0,0,0,0,0,0,0,0,0,0,0,0,0,0,0.421996413628213,0,0,0,0,0,0,0.421996413628213,0,0.421996413628213,0,0,0,0,0,0,0.421996413628213,0,0.843992827256426,0,0,0,0,0,0,0,0,0,0,0,0,0,0,0,0,0,0.843992827256426,0,0,0,0,0,0,0.421996413628213,0,0,0,0,0,0,0.843992827256426,0,0.421996413628213,0,0,0,0,0,0,0,0,0,0,0,0,0,0,0,0,0,0,0,0,0,0,0,0,0,0,0,0,0,0,0,0,0,0,0,0,0,0,0,0,0,0,0,0,0,0,0,0,0,0.421996413628213,0,0,0,0.843992827256426,0,0.421996413628213,0,0,0.421996413628213,0,0,0.843992827256426,0,0.421996413628213,0.421996413628213,0,0,0,0,0,0,0,0,0,0,0,0,0,0,0,0,0,0,0,0,0,0,0,0,0,0,0,0,0,0,0,0,0,0,0,0,0,0,0,0,0.843992827256426,0,0,0
0,0,0,0,0,0,0,0,0,0,0,0,0,0,0,0,0,0,0,0,0,0,0,0,0,0,0,0.421996413628213,0.843992827256426,0,0,0,0,0,0,0,0,0,0,0,0,0,0,0,0.421996413628213,0.421996413628213,0,0,0,0,0,0,0,0,0,0,0,0,0,0,0.421996413628213,0,0.421996413628213,0,0.421996413628213,0,0,0,0,0,0,0.421996413628213,0,0,0,0,0,0,0,0,0.843992827256426,0,0,0,0,0.421996413628213,0,0,0.421996413628213,0.421996413628213,0,0,0,0,0,0.421996413628213,0,0,0,0,0,0,0,0,0,0.843992827256426,0.843992827256426,1.68798565451285,0.843992827256426,0,0,0,0,0.421996413628213,0,0,0,0,0,0,0,0,0,0,0,0,0,0,0,0,0.421996413628213,0,0,1.26598924088464,0,0,0,0,0,0,0,0,0.421996413628213,0.421996413628213,0,0,0,0,0,0,0,0,0,0,0,0,0,0,0,0,0,0,0,0,0,0,0,0,0,0,0,0,0,0,0,0,0,0,0,0,0.421996413628213,0.421996413628213,0,0,0,0.421996413628213,0,0,0,0
0,0,0,0,0,0,0,0,0,0,0,0,0,0,0,0,0,0,0,0,0,0,0,0,0,0,0,0.421996413628213,0,0,0,0,0,0,0.421996413628213,0.421996413628213,0.421996413628213,0,0,0,0,0,0,0,0,0.421996413628213,0.421996413628213,0,0.421996413628213,0,0,0,0,0.421996413628213,0,0.421996413628213,0,0,0,0,0,0,0,0,1.68798565451285,0.421996413628213,0,0,0,0,0,0.843992827256426,0,0,0,0,0,0,0,0,0,0,0,0,0,0.421996413628213,0.421996413628213,0,0,0.421996413628213,0.421996413628213,0,0,0,0,0.421996413628213,0,0,0,0,0,0.421996413628213,0.843992827256426,0,0,0,0.843992827256426,0.421996413628213,0,0,0,0,0,0,0.421996413628213,0.421996413628213,0,0,0,0,0,0,0,0,0,0,0,0,0,0,0,0,0.421996413628213,0,0.421996413628213,0,0,0,0.421996413628213,0,0,0,0.843992827256426,1.26598924088464,0,0,0,0,0,0,0,0,0,0,0,0,0,0,0,0,0,0,0,0,0,0,0,0,0,0,0,0,0,0,0,0,0,0,0,0,0,0.843992827256426,2.53197848176928,2.10998206814106,3.3759713090257,0.421996413628213,0,0,0,0
0,0,0,0,0,0,0,0,0,0,0,0,0,0,0,0,0,0,0,0,0,0,0,0,0,0,0,0,0,0,0,0.421996413628213,0.421996413628213,0,0,0,0.843992827256426,0,0,0,0,0,0,0,0,0,0,0,0,0,0,0,0.421996413628213,0,0.421996413628213,0,0,0,0,0,0,0,0,0,0,0,0,0,0,0,0,0.421996413628213,0,0,0,0,0,0,0,0,0,0,0,0,0,0,0,0,0,0,0,0,0,0,0,0,0,0,0,0,0,0,0.421996413628213,0.421996413628213,0,0,0.843992827256426,0.421996413628213,0.421996413628213,0,0,0,0,0,0,0,0.421996413628213,0,0,0,0,0,0,0,0,0,0,0,0,0,0,0,0,0.421996413628213,0.421996413628213,0,0,0,0.843992827256426,0.421996413628213,0,0,0.421996413628213,0,0,0,0,0,0,0,0,0,0,0,0,0,0,0,0,0,0,0,0,0,0,0,0,0,0,0,0,0,0,0,0,0,0,0,0,0,0.421996413628213,0,1.26598924088464,2.53197848176928,0.843992827256426,0.421996413628213,0,0,0,0
0,0,0,0,0,0,0,0,0,0,0,0,0,0,0,0,0,0,0,0,0,0,0,0,0,0,0,0,0.421996413628213,0,0,0,0,0,0,0,1.68798565451285,0,0,0,0.421996413628213,0,0,0,0.421996413628213,0,0,0,0,0.843992827256426,0,0,0,0,0,0,0,0,0,0,0,0.421996413628213,0.421996413628213,0,0,0,0,0,0,0,0,0,0,0,0,0,0,0,0,0,0,0.421996413628213,0,0,0,0,0,0,0,0.843992827256426,0,0,0,0,0,0,0,0.843992827256426,0,0,0,0,0,0,0,0,0,0,0,0,0,0,0,0,0,0,0.421996413628213,0,0,0,0,0,0,0,0,0,0,0,0,0,0,0,0,0.421996413628213,0,0.421996413628213,0,0,0,0,0,0,0,1.26598924088464,0,0,0,0,0,0,0,0,0,0,0,0,0,0,0,0,0,0,0,0,0,0,0,0,0,0,0,0,0,0,0,0,0,0,0,0,0,0,0.421996413628213,1.68798565451285,1.68798565451285,0.421996413628213,0,0,0,0
0,0,0,0,0,0,0,0,0,0,0,0,0,0,0,0,0,0,0,0,0,0,0,0,0,0,0,0,0,0.421996413628213,0,0,0,0,0,0.421996413628213,0,0,0,0.421996413628213,0.421996413628213,0,0.421996413628213,0,0.843992827256426,0.421996413628213,0,0,0,0,0,0,0.421996413628213,0,0.421996413628213,0,0,0,0,0,0,0,0,0,0,0,0,0,0,0,0,0.843992827256426,0,0,0,0,0,0,0,0,0,0.421996413628213,0,0,0,0,0,0,0,0,0,0,0,0,0,0,0,0,0,0,0,0,0,0,0,0,0.421996413628213,0.421996413628213,0,0,0,0,0.421996413628213,0,0,0,0.421996413628213,0,0,0,0,0,0,0,0,0,0,0,0,0,0,0,0,0,0,0,0,0,0,0,0,0.421996413628213,0.843992827256426,0.421996413628213,0,0.421996413628213,0,0,0,0,0,0,0,0,0,0,0,0,0,0,0,0,0,0,0,0,0,0,0,0,0,0,0,0,0,0,0,0,0.421996413628213,0,0,1.26598924088464,0,1.26598924088464,0,0.421996413628213,0,0,0,0
0,0,0,0,0,0,0,0,0,0,0,0,0,0,0,0,0,0,0,0,0,0,0,0,0,0,0,0,0,0,0,0,0.843992827256426,0,0,0,1.26598924088464,0,0,0,0,0,0,0,0.421996413628213,0,0,0,0,0,0,0,0,0.421996413628213,0.421996413628213,0,0,0,0.421996413628213,0,0,0,0.421996413628213,0.421996413628213,0,0,0,0,0.843992827256426,0,0,0,0,0,0,0,0,0,0,0,0,0,0,0,0,0.421996413628213,0,0,0,0,0.421996413628213,0,0,0,0,0,0,0,0.843992827256426,0,0,0,0.421996413628213,0,0,0,0,0,0,0,0,0,0,0,0,0,0,0.421996413628213,0,0,0,0,0,0,0,0,0,0,0,0,0,0,0,0,0.421996413628213,0,0,0,0,0.421996413628213,0,0,0.421996413628213,0,0.421996413628213,0,0,0,0,0,0,0,0,0,0,0,0,0,0,0,0,0,0,0,0.421996413628213,0.843992827256426,0,0,0,0.421996413628213,0,0,0,0,0,0,0,0,0.421996413628213,1.26598924088464,0,0,0,0,0,0,0,0,0,0
0,0,0,0,0,0,0,0,0,0,0,0,0,0,0,0,0,0,0,0,0,0,0,0,0,0,0,0,0,0,0,0,0,0.421996413628213,0,0.843992827256426,0.421996413628213,0,0,0,0,0,0,0,0,0.421996413628213,0,0,0,0,0,0,0,0,0,0,0,0,0,0,0,0.843992827256426,0.843992827256426,0,0,0,0,0,0.421996413628213,0,1.26598924088464,0.843992827256426,0.421996413628213,0.421996413628213,0,0.843992827256426,0,0,0,0,0,0,0,0,0,0.421996413628213,0,0,0,0.421996413628213,0.421996413628213,0,0,0,0,0,0,0,1.68798565451285,0,0,0,0,0,0,0,0,0.843992827256426,0,0,0,0,0,0,0.421996413628213,0,0.421996413628213,0,0,0,0,0,0,0,0.421996413628213,0,0,0,0,0,0,0,0,0,0,1.68798565451285,0,0,0,0,0,0,0,0,0,0,0,0,0,0.421996413628213,0,0,0,0,0,0,0,0,0,0,0,0,0,0,0,0,0,0,0,0.421996413628213,0.421996413628213,0,0,0,0,0.421996413628213,0,0,0,0,0,0,0,0,0,0,0,0.421996413628213,0,0
0,0,0,0,0,0,0,0,0,0,0,0,0,0,0,0,0,0,0,0,0,0,0,0,0,0,0.421996413628213,0,0,0,0,0,0,0.421996413628213,0.843992827256426,0,0,0.421996413628213,0,0,0,0,0,0,0,0,0,0,0,0,0,0,0,0,0.421996413628213,0.421996413628213,0,0,0,0,0,0,0,0.421996413628213,0,0,0,0,0,0,0.421996413628213,0.421996413628213,0.843992827256426,0,0,0,0,0,0,0,0,0,0,0,0,0,0.421996413628213,0,0,1.26598924088464,0,0,0.843992827256426,0.843992827256426,0.421996413628213,0,0,0,0,0,0,0,0,0,0,0,0,0,0,0,0,0,0,0,0,0,0,0,0,0,0,0,0,0,0,0,0,0,0,0,0,0,0,0,0,0,0,0,0,0,0,0,0,0,0,0.843992827256426,0.421996413628213,0.421996413628213,0,0.843992827256426,0,0,0,0,0,0,0,0,0,0,0,0,0,0,0,0,0.421996413628213,0,0,0,0,0,0,0,0.843992827256426,0,0,0,0,0,0,0,0,0,0,0,0,0,0.843992827256426,0
0,0,0,0,0,0,0,0,0,0,0,0,0,0,0,0,0,0,0,0,0,0,0,0,0,0.421996413628213,0.843992827256426,0,0.421996413628213,0,0,0,0,0.421996413628213,0,0,0,0,0,0,0,0,0,0,0,0,0,0,0,0,0,0.421996413628213,0,0,0,0,0,0,0,0,0,0,0,0.421996413628213,0,0.421996413628213,0,0,0.421996413628213,0,0.421996413628213,0,0.843992827256426,0,0,0,0.421996413628213,0,0,0,0,0.421996413628213,0,0,0,0,0.421996413628213,0,0,1.26598924088464,0.421996413628213,0,0,0,0,0.843992827256426,0,0.421996413628213,0,0,0,0,0,0,0,0,0,0,0,0,0,0,0.421996413628213,0,0,0,0,0.421996413628213,0.421996413628213,0.421996413628213,0,0,0,0,0,0,0,0,0,0,0.421996413628213,0,0.421996413628213,0.843992827256426,0.421996413628213,0,0.843992827256426,0.421996413628213,0,0,0,0,0,0.843992827256426,0,0.421996413628213,0,0,0,0,0,0.421996413628213,0.421996413628213,0,0,0,0.421996413628213,0,0,0,0,0,0,0,0,0,0,0,0,0,0,0,0,0,0,0,0,0,0,0.421996413628213,0,0,0,0,0,0,0.421996413628213,0,0,0
0,0,0,0,0,0,0,0,0,0,0,0,0,0,0,0,0,0,0,0,0,0,0,0,0.421996413628213,0.421996413628213,0.843992827256426,0.421996413628213,0,0,0,0.421996413628213,0,0,0,0,0,0,0,0,0,0.421996413628213,0,0.421996413628213,0,0,0,0,0,0,0,0,0,0,0,0,0,0,0,0,0.421996413628213,0,0.421996413628213,0.843992827256426,0,0,0,0,0,0,0,0,0.421996413628213,0,0,0,0,0,0,1.26598924088464,1.68798565451285,0.843992827256426,0,0,0,0,0.421996413628213,0.843992827256426,0.421996413628213,0.421996413628213,0.421996413628213,0.421996413628213,0,0,0.421996413628213,0,0.843992827256426,0,0,0,0.843992827256426,0,0,0,0,0,0,0,0.421996413628213,0,0,0,0,0,0.421996413628213,0,0,0,0,0,0,0,0,0,0,0,0,0,0.843992827256426,0,0,0,0.421996413628213,0.843992827256426,0,0,0.421996413628213,0,0,0,0,0,0.421996413628213,0,0,0,0.421996413628213,0,0,0,0,0.421996413628213,0.421996413628213,0,0,0.421996413628213,0,0,0,0,0,0,0,0,0,0,0,0,0.421996413628213,0,0,0,0,0,0,0,0.421996413628213,0,0,0,0,0,0,0,0.843992827256426,0,0,0,0.843992827256426,0.421996413628213
0,0,0,0,0,0,0,0,0,0,0,0,0,0,0,0,0,0,0,0,0,0,0,0,0.421996413628213,0.843992827256426,0,0.843992827256426,0.421996413628213,0,0,0,0,0,0,0,0,0,0,0,0,0,0,0,0,0,0,0,0,0.421996413628213,0,0,0,0,0.421996413628213,0,0,0,0,0,0,0,0.421996413628213,0,0,0,0,0,0,0,0,0.421996413628213,0.843992827256426,0,0.421996413628213,0,0.421996413628213,0,0.421996413628213,0,1.26598924088464,0,0,0,0,0.421996413628213,0.843992827256426,0,0.421996413628213,2.10998206814106,1.26598924088464,0.421996413628213,0,0,0,0,0,0,0,0,0.421996413628213,0,0,0,0.421996413628213,0,0,0,0,0,0,0,0,0,0,0,0.421996413628213,0,0,0,0.421996413628213,0,0,0,0,0,0,0,0,0,0,0.421996413628213,0,0,0,0,0,0,0,0.421996413628213,0,0,0.843992827256426,0,0,0,0.421996413628213,0,0,0,0,0,0,0.421996413628213,0,0,0,0,0,0.421996413628213,0,0,0,0,0,0.421996413628213,0,0,0,0,0,0,0,0,0,0,0.421996413628213,0,0,0,0,0.421996413628213,0.421996413628213,0,0,0,0,0,0,0.421996413628213
0,0,0,0,0,0,0,0,0,0,0,0,0,0,0,0,0,0,0,0,0,0,0,0.421996413628213,1.68798565451285,0.421996413628213,0,0.421996413628213,0,0,0,0,0,0.421996413628213,0.421996413628213,0,0,0,0,0,0,0,0,0,0,0,0,0,0,0,0.421996413628213,0,0.421996413628213,0,0,0,0,0,0,0,0,0,0,0,0.421996413628213,0,0,0,0,0.421996413628213,0,0.843992827256426,0.843992827256426,0,0,0.421996413628213,0,0.421996413628213,0.421996413628213,0,0.843992827256426,0.421996413628213,0.843992827256426,0,0,0,0,0,0,0,0.421996413628213,0,0,0,0,0,0,0,0.421996413628213,0,0,0.421996413628213,0,0,0,0,0,0,0,0,0,0,0,0,0,0,0,0,0.421996413628213,0.421996413628213,0,0.421996413628213,0,0,0,0,0,0,0,0,0.421996413628213,0,0,0,0,0,0,0,0,0,0,0,0,0,0,0,0.421996413628213,0.421996413628213,0,0,0,0,0,0,0,0,0,0,0,0,0,0.843992827256426,0,0,0,0,0.421996413628213,0,0,0,0,0,0,0.421996413628213,0,0.421996413628213,0,0,0,0,0,0,0.421996413628213,0,0,0,0,0,0,0
0,0,0,0,0,0,0,0,0,0,0,0,0,0,0,0,0,0,0,0,0,0,0,0,0,0,0,0,0,0,0,0,0,0,0,0,0,0,0,0,0,0,0,0,0,0,0.421996413628213,0,0,0,0,0,0,0.421996413628213,0,0,0,0,0,0.421996413628213,0,0,0,0,0,0,0,0,0,0.421996413628213,0,0,0.421996413628213,0,0,0,0.421996413628213,0.421996413628213,0,0,0,0,0,0,0,0,0,0,0,0,0,0,0,0,0,0,0,1.26598924088464,0.421996413628213,0.421996413628213,0.843992827256426,0.843992827256426,0,0,0,0,0.421996413628213,0,0,0,0,0,0,0,0,0,0,0,0.421996413628213,0,0,0,0,0,0,0,0,0,0,0,0,0,0,0.421996413628213,0,0,0,0,0.843992827256426,0,0,0,0.421996413628213,0,0,0,0.421996413628213,0,0,0.421996413628213,0,0,0,0,0,0,0,0,0,0,0,0,0,0.421996413628213,0,0,0,0.421996413628213,0,0.843992827256426,0.421996413628213,0.421996413628213,0,0,0,0,0,0,0,0.421996413628213,0.843992827256426,0,0,0,0,0,0,0,0,0
0,0,0,0,0.421996413628213,0,0,0,0.421996413628213,0.421996413628213,0,0,0,0.421996413628213,0,0,0,0,0,0,0,0,0,0.421996413628213,0,0,0.421996413628213,0,0.421996413628213,0,0,0,0,0,0,0,0,0,0,0,0,0,0,0,0.421996413628213,0,0,0.421996413628213,0,0,0,0,0,0,0.421996413628213,0,0.421996413628213,0,0,0,0,0.421996413628213,0,0,0,0,0,0,0,0.421996413628213,0.843992827256426,0,0,0,0.421996413628213,0,0,0.421996413628213,0,0,0.421996413628213,1.26598924088464,0.421996413628213,0,0,0,0,0,0,0,0,0,0,0,0,0.421996413628213,0,0.421996413628213,0,0.421996413628213,1.26598924088464,0.843992827256426,0,0.421996413628213,0,0,0,0,0,0,0.421996413628213,0,0,0,0,0,0,0,0.421996413628213,0,0,0,0,0,0,0,0,0,0,0,0,0,0,0,0,0,0,0,0.421996413628213,0,0,0,0.843992827256426,0,0,0,0,0,0.421996413628213,0,0,0,0,0.421996413628213,0,0,0,0,0,0,0,0,0,0,0,0,0,0,0.421996413628213,0,0.421996413628213,0,0,0,0,0,0,0,0,0,0,0,0,0,0,0,0.421996413628213,0,0.421996413628213,0
0.843992827256426,0,0,0,1.68798565451285,0,0,0,0,0,0,0,0,0.843992827256426,2.10998206814106,0,0,0,0.421996413628213,0,0,0,0.421996413628213,0,0,0,0,0,0,0,0,0,0,0,0,0,0,0,0,0.421996413628213,0,0,0,0,0,0,0.421996413628213,0,0,0,0,0,0,0.421996413628213,0,0,0,0,0,0,0.421996413628213,0,0,0,0,0,0,0,0,0,0.421996413628213,0.421996413628213,0.421996413628213,0.421996413628213,0.421996413628213,0.421996413628213,0,0,0,2.53197848176928,0.421996413628213,0,0,0.843992827256426,0,0,0,0,0,0,0,0,0,0,0,0,0,0,0,0.421996413628213,0.421996413628213,0.421996413628213,0.421996413628213,0,0,0,0,0,0,0,0,0,0,0,0,0,0,0,0,0.421996413628213,0.421996413628213,0,0,0,0,0.421996413628213,0,0,0,0,0,0,0,0,0,0,0,0,0.421996413628213,0,0,0,0,0,0,0,0,0,0,0,0,0,0,0,0,0,0,0,0.843992827256426,0,0,0,0,0,0,0,0,0,0,0,0,0,0,0,0,0,0,0.421996413628213,0,0,0,0,0,0,0,0,0.421996413628213,0,0.421996413628213,0
0.843992827256426,0,0,0.421996413628213,0,0.421996413628213,0,0,0.843992827256426,0,0,0,0,0,0.421996413628213,0,0.421996413628213,0,0.421996413628213,0.421996413628213,0.421996413628213,0,0,0,0.421996413628213,0,0,0,0,0,0,0,0.421996413628213,0,0,0,0,0,0,0,0,0,0,0,0,0,0,0,0,0.421996413628213,0,0,0,0,0,0,0,0,0,0,0,0,0,0,0,0,0,0,1.26598924088464,0.421996413628213,0.843992827256426,0.843992827256426,1.26598924088464,5.90794979079498,2.53197848176928,1.26598924088464,0.843992827256426,0.421996413628213,0,0,0.421996413628213,0,0.421996413628213,0.421996413628213,0,0,0,0.421996413628213,0.421996413628213,0,0,0,0,0,0,0,0,0,0,0,0.843992827256426,0.421996413628213,0,0.421996413628213,0,0,0,0,0,0,0.421996413628213,0,0,0,0,0,0,0,0,0.421996413628213,0,0,0,0,0,0,0,0,0,0.421996413628213,0,0,0,0,0,0,0,0,0,0,0,0,0,0,0.421996413628213,0,0,0,0,0,0,0,0,0,0,0,0,0,0.421996413628213,0.421996413628213,0,0,0,0,0,0,0,0,0,0,1.26598924088464,0,0,0,0,0,0,0.421996413628213,0,0,0,0,0,0,0,0,0,0,0,0
4.64196054991034,0,0,0,0,0.421996413628213,0,0,0,0.421996413628213,0,0,0,0,0,0,0,0,0,0,0,0,0.421996413628213,0,0,0,0,0,0,0,0,0,0,0.421996413628213,0,0.421996413628213,0.843992827256426,1.26598924088464,0.421996413628213,0.421996413628213,0.421996413628213,0.843992827256426,1.68798565451285,0.421996413628213,0.421996413628213,0.421996413628213,0.421996413628213,0,0,0,0,0.421996413628213,0,0,0,0,0,0.421996413628213,0,0.843992827256426,0.843992827256426,0,0,1.68798565451285,0,0.843992827256426,0,0,0,0,0,0,0,2.95397489539749,1.26598924088464,0,0,0.843992827256426,0.843992827256426,0.421996413628213,0.421996413628213,0.421996413628213,0.421996413628213,0,0,0.421996413628213,0,0,5.48595337716677,0.421996413628213,0,0,0,0,0,0,0,0,0,0,0,0,0,0,0,0,0,0,0,0,0,0,0,0,0,0,0,0,0,0,0,0,0,0,0,0,0,0,0,0,0,0,0,0,0,0,0,0,0,0,0.843992827256426,0,0,0,0,0,0,0,0,0,0,0,0,0,0,0,0,0,0.421996413628213,0,0.421996413628213,0,0,0,0,0,0,0,0,0,0,0,0,0,0,0,0,0,0,0,0.421996413628213,0,0,0,0.421996413628213,0.421996413628213,0,0,0,0
0,0,1.26598924088464,0.843992827256426,0,0,0,0,0,0,0,0,0.421996413628213,0.421996413628213,0,0,0,0,0,0,0,0,0,0,0,0,0,0,0.421996413628213,0,0,0.843992827256426,1.68798565451285,0.843992827256426,0,1.26598924088464,8.43992827256426,4.21996413628213,0.421996413628213,0,0,0,1.26598924088464,0.843992827256426,0,0,0,0,0,0.843992827256426,0.421996413628213,0,0,0,0.421996413628213,0,0,0,0,0.421996413628213,0,0,0,0,0.843992827256426,0.421996413628213,0.421996413628213,0,0,0,0,0,0,3.3759713090257,0,0,0,0.843992827256426,1.68798565451285,0.421996413628213,0,0,0,0.421996413628213,0,0,0,0.421996413628213,0.421996413628213,0,0,0,0,0,0,0,0,0,0,0,0,0.421996413628213,0,0,0,0,0.421996413628213,0.421996413628213,0,0,0.421996413628213,0,0,0,0,0,0,0,0,0.421996413628213,0,0,0,0,0.421996413628213,0,0,0,0,0,0.421996413628213,0,0,0,0,0,0,0,0,0.421996413628213,0,0,0,0,0,0,0,0,0,0,0,0,0,0,0,0,0,0,0,0,0,0,0,0,0,0,0,0,0,0,0,0,0,0,0,0,0,0,0,0,0.421996413628213,0,0,0,0,0,0.421996413628213,0,0,0
0,0,0.421996413628213,2.10998206814106,0,0,0,0,0.421996413628213,0.421996413628213,0,0,0,0,0.421996413628213,0,0,0,0,0,0,0,0.421996413628213,0,0,0,0,1.26598924088464,2.10998206814106,0,0.421996413628213,0,0,0,0,0,0,0,0,0,0,0,0,0,0,0,0,0,0,0,0.421996413628213,0.421996413628213,0,0,0,0,0,0,0,0,0,0,0,0,0,0,0,0,0,0,0,0,0,0.421996413628213,0.421996413628213,0,0,0.421996413628213,1.68798565451285,0,0,0,0.421996413628213,0.421996413628213,0,0,0,0.421996413628213,0,0,0,0,0.421996413628213,0,0,0,0.843992827256426,0.421996413628213,0,0,0,0,0,0,0,0,0,0,0,0,0,0,0,0,0,0,0,0,0,0,0,0,0,0,0,0,0,0,0,0,0.421996413628213,0,0,0,0,0.421996413628213,0,0,0,0,0.421996413628213,0,0,0,0,0,0,0,0.421996413628213,0,0,0,0,0,0,0,0,0,0,0,0,0,0,0,0,0,0,0,0,0,0,0,0,0,0,0,0,0,0,0,0.843992827256426,0,0,0.421996413628213,0,0,0,0,0,0
0,0,0,0,0,0,0,0,0,2.95397489539749,0.421996413628213,0,0,0,0.843992827256426,0,0,0,0.421996413628213,0,0,0,0,0.421996413628213,0,0.421996413628213,0.843992827256426,3.3759713090257,0.421996413628213,0,0,0,0,0,0,0,0,0,0,0,0,0,0,0,0,0,0,0,0,0,0,0,0,0,0,0,0,0,0,0,0,0,0,0,0,0,0,0,0,0,0,0,0,0,0,0,0,0.421996413628213,0.843992827256426,0.843992827256426,0,0.843992827256426,0,0,0.421996413628213,0,0,0.421996413628213,0.421996413628213,0.421996413628213,0,0,0,0,0,0,0,0.421996413628213,0,0,0,0.421996413628213,0,0,0,0,0,0,0,0,0,0,0,0,0,0,0,0,0,0,0,0,0,0,0,0,0,0,0,0,0,0,0,0.843992827256426,0,0,0,0,0.421996413628213,0,0,0,0,0,0.421996413628213,0,0,0,0,0,0,0,0,0,0,0,0,0,0,0.421996413628213,0,0,0,0,0,0,0,0,0,0,0,0,0,0,0,0,0,0,0,0,0,0.421996413628213,0,0,0,0,0,0,0,0
0,0,0,0,0.421996413628213,0,0,0.421996413628213,0.843992827256426,0.421996413628213,0,0.421996413628213,0,1.26598924088464,0.421996413628213,0,0,0.421996413628213,1.26598924088464,0.421996413628213,0,0,0.421996413628213,0.843992827256426,0.421996413628213,0.843992827256426,0.421996413628213,0,0,0,0,0,0,0,0,0,0,0,0,0,0,0,0,0,0,0,0,0,0,0,0,0,0,0,0,0,0,0,0,0,0,0,0,0,0,0,0,0,0,0,0,0,0,0,0,0.421996413628213,0,0.421996413628213,1.26598924088464,0.421996413628213,0,0,0,0,0.421996413628213,0,0.421996413628213,0.421996413628213,0,0,0,0,0,0.421996413628213,0,0,0.421996413628213,0,0,0,0,0,0,0,0,0,0.421996413628213,0,0,0,0,0.421996413628213,0,0,0,0,0,0,0,0,0,0,0,0,0,0,0,0,0,0,0,0,0,0,0,0,0,0,0,0,0,0,0,0,0,0,0,0,0,0,0,0,0,0,0.421996413628213,0,0,0,0,0,0,0,0,0,0,0,0,0,0,0,0,0,0,0,0,0,0,0,0,0,0,0,0,0,0,0,0,0,0,0
0,0,0,0,0,0,0,0,2.53197848176928,3.79796772265391,1.26598924088464,2.95397489539749,0,0.843992827256426,0.843992827256426,0,0.843992827256426,0,0,0.421996413628213,0.421996413628213,0.843992827256426,0,0,0,0,0,0,0,0,0,0,0,0,0,0,0,0,0,0,0,0,0,0,0,0,0,0,0,0,0,0,0,0,0,0,0,0,0,0,0,0,0,0,0,0,0,0,0,0,0,0,0,0,0,0,0,0.421996413628213,2.53197848176928,3.3759713090257,0,0,0,0,0,0,0,0.421996413628213,0,0.421996413628213,0,0,0.843992827256426,0,0,0.421996413628213,0,0,0,0,0,0,0,0,0,0,0,0,0,0,0,0,0,0,0,0,0,0,0,0,0,0,0,0.421996413628213,0,0,0,0,0,0,0,0,0,0,0,0,0,0,0,0,0,0,0,0.421996413628213,0.421996413628213,0.421996413628213,0,0,0,0,0,0,0,0,0,0,0,0,0,0,0,0,0,0,0,0,0,0.421996413628213,0,0,0.421996413628213,0,0,0,0,0,0.421996413628213,0,0,0,0,0.421996413628213,0.421996413628213,0,0,0,0,0,0,0
0,0,0,0,0,0,0,0,0,0,0,0,0,0.421996413628213,1.26598924088464,1.26598924088464,0.421996413628213,0,2.10998206814106,0.843992827256426,0.421996413628213,0,0,0,0,0,0,0,0,0,0,0,0,0,0,0,0,0,0,0,0,0,0,0,0,0,0,0,0,0,0,0,0,0,0,0,0,0,0,0,0,0,0,0,0,0,0,0,0,0,0,0,0,0,5.48595337716677,1.26598924088464,0,0,0.843992827256426,1.68798565451285,0.843992827256426,0,0,0.421996413628213,0.421996413628213,0,0.421996413628213,0.421996413628213,0,0,0,0,0,1.68798565451285,0,0,0.421996413628213,0.843992827256426,0,0,0,0,0,0,0,0,0,0,0,0,0,0,0,0,0,0.421996413628213,0,0,0,0,0,0,0,0,0,0,0,0,0,0,0,0,0,0,0,0,0,0,0,0,0,0,0,0.421996413628213,0,0.421996413628213,0,0,0,0,0,0,0,0,0,0,0,0,0,0,0,0,0,0,0,0,0,0,0,0,0,0,0,0,0,0,0,0,0,0,0,0,0,0.421996413628213,0,0,0,0,0,0
0,0,0,0,0,0,0,0,0,0,0,0,0,0,0,0,0,0,0.421996413628213,0,0,0,0,0,0,0,0,0,0,0,0,0,0,0,0,0,0,0,0,0,0,0,0,0,0,0,0,0,0,0,0,0,0,0,0,0,0,0,0,0,0,0,0,0,0,0,0,0,0,0,0,0,0,0,0,2.53197848176928,0,2.53197848176928,1.68798565451285,2.53197848176928,0.843992827256426,0,0.421996413628213,0,0,0,0.421996413628213,0.421996413628213,0,0,0,0,0.421996413628213,0,0,0,0,0,0,0,0,0,0,0,0,0,0,0,0,0,0,0,0.421996413628213,0,0,0,0,0,0,0,0,0,0,0,0,0,0,0,0,0,0,0,0,0,0,0,0,0,0,0,0,0,0,0,0,0,0,0,0,0,0,0,0,0,0,0,0,0,0,0,0,0,0.421996413628213,0,0,0,0,0,0,0,0,0,0,0.421996413628213,0,0,0,0,0,0,0,0,0,0,0,0,0,0,0,0
0,0,0,0,0,0,0,0,0,0,0,0,0,0,0,0,0,0,0,0,0,0,0,0,0,0,0,0,0,0,0,0,0,0,0,0,0,0,0,0,0,0,0,0,0,0,0,0,0,0,0,0,0,0,0,0,0,0,0,0,0,0,0,0,0,0,0,0,0,0,0,0,0,0,0,0,1.26598924088464,0.843992827256426,2.53197848176928,1.26598924088464,0.421996413628213,0.421996413628213,0.421996413628213,0.421996413628213,0.421996413628213,0,0,0,0,0,0,0,0,0.421996413628213,0,0,0,0,0.421996413628213,0,0,0,0,0,0,0,0,0,0,0,0,0,0,0,0,0,0,0,0,0,0.421996413628213,0,0,0,0,0,0,0,0,0,0,0,0,0,0,0,0,0,0,0,0,0.421996413628213,0,0,0,0,0,0,0,0,0,0,0,0,0,0,0,0,0,0,0,0,0,0,0,0,0,0,0,0,0,0,0,0,0,0,0,0,0,0,0.421996413628213,0,0,0,0.421996413628213,0.421996413628213,0,0.421996413628213,0,0
0,0,0,0,0,0,0,0,0,0,0,0,0,0,0,0,0,0,0,0,0,0,0,0,0,0,0,0,0,0,0,0,0,0,0,0,0,0,0,0,0,0,0,0,0,0,0,0,0,0,0,0,0,0,0,0,0,0,0,0,0,0,0,0,0,0,0,0,0,0,0,0,0,0,0,0,1.68798565451285,1.26598924088464,1.68798565451285,0,1.26598924088464,0,0,0.421996413628213,5.90794979079498,0,0,0,0,0,0,0,0,0.421996413628213,0.421996413628213,0.421996413628213,0,0,0,0,0,0,0.421996413628213,0,0,0,0,0,0,0,0,0,0,0,0,0.421996413628213,0,0,0,0,0,0,0,0.421996413628213,0,0,0,0.421996413628213,0,0,0,0,0.421996413628213,0.421996413628213,0,0,0,0,0,0,0,0,0,1.26598924088464,0,0,0,0,0,0,0,0,0,0,0,0,0,0,0,0,0,0,0,0,0,0,0,0,0,0,0,0,0,0,0,0,0,0,0,0,0,0,0.421996413628213,0,0,0,0,0,0,0
0,0,0,0,0,0,0,0,0,0,0,0,0,0,0,0,0,0,0,0,0,0,0,0,0,0,0,0,0,0,0,0,0,0,0,0,0,0,0,0,0,0,0,0,0,0,0,0,0,0,0,0,0,0,0,0,0,0,0,0,0,0,0,0,0,0,0,0,0,0,0,0,0,0,0,0,0,2.53197848176928,0.421996413628213,1.68798565451285,2.10998206814106,2.10998206814106,0.421996413628213,0,2.95397489539749,1.68798565451285,0,0.421996413628213,0,0,0.421996413628213,0,0,0.421996413628213,0.843992827256426,0.421996413628213,0,0,0,0,0,0,0,0,0,0,0,0,0,0,0,0,0,0,0,0,0,0,0,0,0,0,0,0.421996413628213,0,0,0,0,0,0,0,0,0,0,0,0,0,0,0,0,0,0,0,0,0,0,0,0,0,0,0,0,0,0,0,0,0,0.421996413628213,0,0,0,0,0,0,0,0,0,0,0,0,1.26598924088464,0,0,0,0.421996413628213,0,0.421996413628213,0,0,0,0.421996413628213,0,0.421996413628213,0,0,0,0,0,0,0
0,0,0,0,0,0,0,0,0,0,0,0,0,0,0,0,0,0,0,0,0,0,0,0,0,0,0,0,0,0,0,0,0,0,0,0,0,0,0,0,0,0,0,0,0,0,0,0,0,0,0,0,0,0,0,0,0,0,0,0,0,0,0,0,0,0,0,0,0,0,0,0,0,0,0,0,0,5.90794979079498,0.843992827256426,0,0.843992827256426,0.421996413628213,0.421996413628213,0.843992827256426,2.53197848176928,2.10998206814106,1.26598924088464,0.421996413628213,0,0,0,0,0,0,0.421996413628213,0,0,0,0,0,0,0,0,0,0.421996413628213,0,0,0,0,0,0,0,0,0,0,0,0,0,0,0,0,0,0,0,0,0,0,0,0,0,0,0,0,0,0,0,0,0,0,0,0,0,0,1.26598924088464,0,0,0,0,0,0,0,0,0,0.421996413628213,0,0.421996413628213,0,0,0,0,0,0,0,0,0,0,0,0,0,0,0,0,0,0,0,0,0,0,0,0,0,0.421996413628213,0,0,0,0,0,0.843992827256426,0,0
0,0,0,0,0,0,0,0,0,0,0,0,0,0,0,0,0,0,0,0,0,0,0,0,0,0,0,0,0,0,0,0,0,0,0,0,0,0,0,0,0,0,0,0,0,0,0,0,0,0,0,0,0,0,0,0,0,0,0,0,0,0,0,0,0,0,0,0,0,0,0,0,0,0,0,0,2.53197848176928,7.59593544530783,1.68798565451285,0,0,0.421996413628213,0.843992827256426,0,1.26598924088464,2.53197848176928,0.843992827256426,0,0,0,0,0,0,0,0,0.421996413628213,0,0,0,0,0,0,0,0,0,0,0,0,0,0,0,0,0,0,0,0,0,0,0,0,0,0,0,0,0,0,0,0,0,0,0,0,0,0,0,0,0,0,0,0,0,0,0,0.421996413628213,0,0,0,0,0,0,0,0,0,0,0,0,0,0,0,0,0,0,0,0,0,0,0,0,0,0,0,0,0.421996413628213,0,0,0,0,0,0,0,0.843992827256426,2.53197848176928,1.68798565451285,0,0,0,0.421996413628213,1.26598924088464,0,0
0,0,0,0,0,0,0,0,0,0,0,0,0,0,0,0,0,0,0,0,0,0,0,0,0,0,0,0,0,0,0,0,0,0,0,0,0,0,0,0,0,0,0,0,0,0,0,0,0,0,0,0,0,0,0,0,0,0,0,0,0,0,0,0,0,0,0,0,0,0,0,0,0,0,0,0.421996413628213,10.1279139270771,2.53197848176928,2.53197848176928,0.421996413628213,0,0.421996413628213,0.421996413628213,0.421996413628213,0.843992827256426,2.53197848176928,0,0,0,0,0.421996413628213,0,0,0,0,0.421996413628213,0,0,0,0,0,0,0,0,0,0,0.421996413628213,0,0,0,0,0,0,0,0,0,0,0,0,0.421996413628213,0,0,0,0,0.421996413628213,0,0,0,0,0,0,0,0.421996413628213,0,0,0,0,0,0,0,0,0,0,0,0,0,0,0,0,0,0,0,0,0,0,0,0,0.421996413628213,0,0,0,0.421996413628213,0,0,0,0,0,0,0,0,0,1.26598924088464,0.421996413628213,0,0.421996413628213,0.421996413628213,0.421996413628213,0,0,0,0,0,0,0,0.421996413628213,0,2.10998206814106,0.843992827256426,0,0
0,0,0,0,0,0,0,0,0,0,0,0,0,0,0,0,0,0,0,0,0,0,0,0,0,0,0,0,0,0,0,0,0,0,0,0,0,0,0,0,0,0,0,0,0,0,0,0,0,0,0,0,0,0,0,0,0,0,0,0,0,0,0,0,0,0,0,0,0,0,0,0,0,0,0,5.90794979079498,42.6216377764495,5.48595337716677,1.68798565451285,0,0.421996413628213,0,0.843992827256426,0,1.68798565451285,1.68798565451285,1.26598924088464,0.421996413628213,0,0,0,0.421996413628213,0,0,0,0,0,0.421996413628213,0,0,0,0,0,0,0,0,0,0,0,0,0,0,0,0,0,0.421996413628213,0,0,0,0.421996413628213,0,0,0,0,0,0,0,0,0,0,0,0,0,0,0.421996413628213,0,0,0,0,0,0,0,0,0,0,0,0,0,0,0,0,0,0,0,0.421996413628213,0,0,0,0,0,0,0.421996413628213,0,0.421996413628213,0,0,0,0,0,0,0.421996413628213,2.10998206814106,0.421996413628213,0,0.843992827256426,0.843992827256426,0.843992827256426,0.421996413628213,0,0,0.421996413628213,1.68798565451285,1.26598924088464,0,0,0.421996413628213,0.843992827256426,0.421996413628213,0,0
0,0,0,0,0,0,0,0,0,0,0,0,0,0,0,0,0,0,0,0,0,0,0,0,0,0,0,0,0,0,0,0,0,0,0,0,0,0,0,0,0,0,0,0,0,0,0,0,0,0,0,0,0,0,0,0,0,0,0,0,0,0,0,0,0,0,0,0,0,0,0,0,0,0.421996413628213,1.26598924088464,10.9719067543335,10.9719067543335,7.17393903167962,0,0,1.68798565451285,0.421996413628213,0,0,0,0.421996413628213,0,0,0,0,0,0,0,0,0.421996413628213,0,0,0,0,0,0,0,0,0,0,0.843992827256426,0,0,0,0,0,0,0,0,0.421996413628213,0,0,0,0,0,0,0,0,0,0,0,0,0,0,0,0,0,0,0,0.421996413628213,0,0,0,0,0,0,0,0,0,0.843992827256426,0,0,0,0,0,0,0,0,0,0,0,0,0.421996413628213,0,0,0,0.421996413628213,0.421996413628213,0,0,0,0,0,0,0,0,1.26598924088464,1.68798565451285,0.421996413628213,0,10.5499103407053,10.9719067543335,4.64196054991034,0,0,6.32994620442319,14.7698744769874,12.2378959952182,2.53197848176928,2.10998206814106,0,0,0,0,0
0,0,0,0,0,0,0,0,0,0,0,0,0,0,0,0,0,0,0,0,0,0,0,0,0,0,0,0,0,0,0,0,0,0,0,0,0,0,0,0,0,0,0,0,0,0,0,0,0,0,0,0,0,0,0,0,0,0,0,0,0,0,0,0,0,0,0,0,0,0,0,0,0.843992827256426,1.68798565451285,0.843992827256426,1.26598924088464,8.01793185893604,2.95397489539749,0,0,0,0.421996413628213,0.421996413628213,0,0,0.843992827256426,0,0,0,0,0,0,0,0,0,0,0,0,0,0,0,0,0,0,0,0.421996413628213,0,0,0,0,0,0,0,0,0,0.421996413628213,0,0,0,0,0,0,0,0,0,0,0,0,0,0,0,0,0,0.421996413628213,0,0,0,0,0,0,0,0,0,0,0,0,0,0,0,0,0,0,0,0,0,0,0,0,0,0,0,0,0,0,0,0,0,0,0,0,0.421996413628213,6.7519426180514,15.1918708906157,1.68798565451285,0.421996413628213,7.59593544530783,28.2737597130903,8.43992827256426,1.26598924088464,0.421996413628213,14.7698744769874,37.1356843992827,17.7238493723849,3.79796772265391,0.421996413628213,0,0,0,0,0
0,0,0,0,0,0,0,0,0,0,0,0,0,0,0,0,0,0,0,0,0,0,0,0,0,0,0,0,0,0,0,0,0,0,0,0,0,0,0,0,0,0,0,0,0,0,0,0,0,0,0,0,0,0,0,0,0,0,0,0,0,0,0,0,0,0,0,0,0,0,0,0,0.421996413628213,0,0,2.53197848176928,4.21996413628213,1.68798565451285,0,0,0.421996413628213,0,0,0.421996413628213,0,0,0.421996413628213,0,0,0,0,0,0,0,0,0,0,0,0,0,0,0,0,0,0,0,0,0,0,0,0,0,0,0,0,0,0,0,0,0,0,0,0,0,0,0,0,0,0,0,0,0,0,0,0,0,0,0,0,0,0,0.421996413628213,0,0.421996413628213,0,0,0,0,0,0,0,0,0,0.421996413628213,0,0,0,0,0,0,0,0,0,0,0,0,0,1.26598924088464,0.421996413628213,0,2.95397489539749,10.5499103407053,6.32994620442319,0,0.421996413628213,0,1.68798565451285,3.79796772265391,0.843992827256426,0.421996413628213,9.28392109982068,6.7519426180514,0.843992827256426,0,0,0,0,0,0,0
0,0,0,0,0,0,0,0,0,0,0,0,0,0,0,0,0,0,0,0,0,0,0,0,0,0,0,0,0,0,0,0,0,0,0,0,0,0,0,0,0,0,0,0,0,0,0,0,0,0,0,0,0,0,0,0,0,0,0,0,0,0,0,0,0,0,0,0,0,0,0,0,0,0,0,2.10998206814106,4.21996413628213,2.95397489539749,0.421996413628213,0,0,0,0,0,0,0,0,0,0,0,0,0,0,0,0,0,0,0,0,0,0,0,0,0,0,0.843992827256426,0,0,0,0,0,0,0,0,0,0,0,0,0,0,0,0,0,0,0,0,0,0,0,0,0,0,0,0.421996413628213,0,0,0,0,0,0,0,0,0,0,0,0,0,0,0,0,0,0,0,0,0,0,0,0,0,0,0,0,0,0,0,0,0.843992827256426,12.2378959952182,3.79796772265391,0.421996413628213,0,0,0,0,0,0,0,0,0,0,0,0,0,0,0,0,0,0,0,0
0,0,0,0,0,0,0,0,0,0,0,0,0,0,0,0,0,0,0,0,0,0,0,0,0,0,0,0,0,0,0,0,0,0,0,0,0,0,0,0,0,0,0,0,0,0,0,0,0,0,0,0,0,0,0,0,0,0,0,0,0,0,0,0,0,0,0,0,0,0,0,0,0,0,0,0.843992827256426,1.68798565451285,3.3759713090257,0.421996413628213,0.843992827256426,0.421996413628213,0.421996413628213,0,0,0,0,0,0,0,0.421996413628213,0,0,0,0,0.421996413628213,0,0,0,0,0,0,0,0,0,0,0,0,0,0,0,0,0,0,0,0,0,0,0,0,0,0,0,0,0.421996413628213,0,0,0,0,0,0,0,0,0,0,0,0,0,0,0,0,0,0,0,0,0,0,0,0,0,0,0,0,0,0,0,0,0.421996413628213,0,0,0,0,0,0,0,0,0,0,31.649731022116,11.81589958159,0,0,0,0,0,0,0,0,0,0,0,0,0,0,0,0,0,0,0,0,0
0,0,0,0,0,0,0,0,0,0,0,0,0,0,0,0,0,0,0,0,0,0,0,0,0,0,0,0,0,0,0,0,0,0,0,0,0,0,0,0,0,0,0,0,0,0,0,0,0,0,0,0,0,0,0,0,0,0,0,0,0,0,0,0,0,0,0,0,0,0,0,0,0,0,0,0,0,0,0,0.421996413628213,0,0,0,0,0,0,0,0,0,0,0,0,0,0,0,0,0,0,0,0,0,0,0,0,0,0,0,0,0,0,0,0,0,0,0,0,0,0,0,0,0,0,0,0,0,0,0,0,0,0,0,0,0,0,0,0,0,0.843992827256426,0,0,0,0,0,0,0,0,0,0,0,0,0,0,0,0,0,0,0,0,0.421996413628213,0,0,0,0,0,1.26598924088464,0,1.68798565451285,5.48595337716677,1.68798565451285,0,0,0,0,0,0,0,0,0,0,0,0,0,0,0,0,0,0,0,0,0
0,0,0,0,0,0,0,0,0,0,0,0,0,0,0,0,0,0,0,0,0,0,0,0,0,0,0,0,0,0,0,0,0,0,0,0,0,0,0,0,0,0,0,0,0,0,0,0,0,0,0,0,0,0,0,0,0,0,0,0,0,0,0,0,0,0,0,0,0,0,0,0,0,0,0,0,0,0.421996413628213,0.843992827256426,0.421996413628213,0,0,0,0,0,0,0,0.421996413628213,0,0,0,0,0,0,0,0,0,0,0,0,0,0,0,0,0,0,0,0,0,0,0,0,0,0,0,0,0,0,0,0.421996413628213,0,0,0,0,0,0,0,0,0,0,0,0,0,0,0,0,0.843992827256426,0,0,0,0,0,0.421996413628213,0,0,0,0,0,0,0,0,0,0,0,0,0,0.421996413628213,0,0,0.421996413628213,0,0.421996413628213,0,0,0,0.421996413628213,0.421996413628213,0,0,0,0,0,0,0,0,0,0,0,0,0,0,0,0,0,0,0,0,0,0,0
0,0,0,0,0,0,0,0,0,0,0,0,0,0,0,0,0,0,0,0,0,0,0,0,0,0,0,0,0,0,0,0,0,0,0,0,0,0,0,0,0,0,0,0,0,0,0,0,0,0,0,0,0,0,0,0,0,0,0,0,0,0,0,0,0,0,0,0,0,0,0,0,0,0,0,0,0,0,0,0,0,0,0.421996413628213,0,0,0,0,0.843992827256426,0,0.421996413628213,0,0,0,0,0,0,0,0,0,0,0,0,0,0,0,0,0,0,0,0,0,0,0,0,0,0,0,0,0,0,0,0,0,0,0,0,0,0,0,0,0,0,0,0,0,0,0,0,0,0,0,0,0,0,0,0,0.421996413628213,0.421996413628213,0.843992827256426,0,0,0,0.421996413628213,0.421996413628213,0,0,0,0.421996413628213,0,0,0,0,0,0,0.421996413628213,0,0,0,0,0,0,0,0,0,0,0,0,0,0,0,0,0,0,0,0,0,0,0,0,0
0,0,0,0,0,0,0,0,0,0,0,0,0,0,0,0,0,0,0,0,0,0,0,0,0,0,0,0,0,0,0,0,0,0,0,0,0,0,0,0,0,0,0,0,0,0,0,0,0,0,0,0,0,0,0,0,0,0,0,0,0,0,0,0,0,0,0,0,0,0,0,0,0,0,0,0,0,0,0,0,0,0,0,0,0.421996413628213,0,1.68798565451285,4.21996413628213,0,0.421996413628213,0,0,0,0,0,0,0,0,0,0,0,0,0,0,0,0,0,0,0,0,0,0,0,0,0,0,0,0,0,0,0,0,0,0,0,0,0,0,0,0,0,0,0,0,0,0,0,0,0,0,0,0,0,0,0,0,0,0.843992827256426,0.421996413628213,0,0,0,0,0,0,0,0,0,0,0,0,0.421996413628213,0.421996413628213,0.843992827256426,0,0,0,0,0,0,0,0,0,0,0,0,0,0,0,0,0,0,0,0,0,0,0,0,0,0
0,0,0,0,0,0,0,0,0,0,0,0,0,0,0,0,0,0,0,0,0,0,0,0,0,0,0,0,0,0,0,0,0,0,0,0,0,0,0,0,0,0,0,0,0,0,0,0,0,0,0,0,0,0,0,0,0,0,0,0,0,0,0,0,0,0,0,0,0,0,0,0,0,0,0,0,0,0,0,0,0,0,0,0,0,0,0,0,0,0,0,0.421996413628213,0,0.421996413628213,0,0,0,0.421996413628213,0,0.421996413628213,0,0,0,0,0,0,0,0,0,0,0,0,0,1.26598924088464,0.421996413628213,0,0,0,0,0,0,0,0,0,0,0,0,0,0,0,0,0,0,0,0,0,0,0,0,0,0,0,0,0,0,0,0,0,0,0,0,0,0,0,0,0,0,0,0,0,0,0,0,0,0,0,0,0,0,0,0,0,0,0,0,0,0,0,0,0,0,0,0,0,0,0,0,0,0,0
0,0,0,0,0,0,0,0,0,0,0,0,0,0,0,0,0,0,0,0,0,0,0,0,0,0,0,0,0,0,0,0,0,0,0,0,0,0,0,0,0,0,0,0,0,0,0,0,0,0,0,0,0,0,0,0,0,0,0,0,0,0,0,0,0,0,0,0,0,0,0,0,0,0,0,0,0,0,0,0,0,0,0,0,0,0,0,0,0,0,0,0,0,0,0,0,0.421996413628213,0.421996413628213,0,0.843992827256426,0,0,0,0,0,0,0,0,0,0,0,0,0,0,0,0,0,0,0,0,0,0,0,0,0,0,0,0,0,0,0,0,0,0,0,0,0,0,0,0,0,0,0,0,0,0,0,0,0,0,0,0,0,0,0,0,0,0,0,0,0,0,0,0,0,0,0,0,0,0,0,0,0,0,0,0,0,0,0,0,0,0,0,0,0,0,0,0,0,0
0,0,0,0,0,0,0,0,0,0,0,0,0,0,0,0,0,0,0,0,0,0,0,0,0,0,0,0,0,0,0,0,0,0,0,0,0,0,0,0,0,0,0,0,0,0,0,0,0,0,0,0,0,0,0,0,0,0,0,0,0,0,0,0,0,0,0,0,0,0,0,0,0,0,0,0,0,0,0,0,0,0,0,0,0,0,0,0,0,0,0,0,0,0,0,0,0,0,0.843992827256426,0,0,0,0,0,0,0,0,0,0,0,0,0,0,0,0,0,0,0,0,0,0,0,0,0,0,0,0,0,0,0,0,0,0,0,0,0,0,0,0,0,0,0,0,0,0,0,0,0,0,0,0,0,0,0,0,0,0,0,0,0,0,0,0,0,0,0,0,0,0,0,0,0,0,0,0,0,0,0,0,0,0,0,0,0,0,0,0,0,0,0
0,0,0,0,0,0,0,0,0,0,0,0,0,0,0,0,0,0,0,0,0,0,0,0,0,0,0,0,0,0,0,0,0,0,0,0,0,0,0,0,0,0,0,0,0,0,0,0,0,0,0,0,0,0,0,0,0,0,0,0,0,0,0,0,0,0,0,0,0,0,0,0,0,0,0,0,0,0,0,0,0,0,0,0,0,0,0,0,0,0,0,0,0,0,0,0,0,0,0.421996413628213,0,0,0,0,0,0.421996413628213,0,0,0,0,0,0,0,0,0,0,0.421996413628213,0,0,0,0,0,0,0,0,0,0,0,0,0,0,0,0,0,0,0,0,0,0,0,0,0,0,0,0,0,0,0,0,0,0,0,0,0,0,0,0,0,0,0,0,0,0,0,0,0,0,0,0,0,0,0,0,0,0,0,0,0,0,0,0,0,0,0,0,0,0,0,0,0,0
0,0,0,0,0,0,0,0,0,0,0,0,0,0,0,0,0,0,0,0,0,0,0,0,0,0,0,0,0,0,0,0,0,0,0,0,0,0,0,0,0,0,0,0,0,0,0,0,0,0,0,0,0,0,0,0,0,0,0,0,0,0,0,0,0,0,0,0,0,0,0,0,0,0,0,0,0,0,0,0,0,0,0,0,0,0,0,0,0,0,0,0,0,0,0,0,0,0,0,0,0,0,0,0,0,0,0,0,0,0,0,0,0,0,0,0,0,0,0,0,0,0,0,0,0,0,0,0,0,0,0,0,0,0,0,0,0,0,0,0,0,0,0,0,0,0,0,0,0,0,0,0,0,0,0,0,0,0,0,0,0,0,0,0,0,0,0,0,0,0,0,0,0,0,0,0,0,0,0,0,0,0,0,0,0,0,0,0,0,0
0,0,0,0,0,0,0,0,0,0,0,0,0,0,0,0,0,0,0,0,0,0,0,0,0,0,0,0,0,0,0,0,0,0,0,0,0,0,0,0,0,0,0,0,0,0,0,0,0,0,0,0,0,0,0,0,0,0,0,0,0,0,0,0,0,0,0,0,0,0,0,0,0,0,0,0,0,0,0,0,0,0,0,0,0,0,0,0,0,0,0,0,0,0,0,0,0,0,0,0,0,0,0,0,0,0,0,0,0,0,0,0,0,0,0,0,0,0,0,0,0,0,0,0,0,0,0,0,0,0,0,0,0,0,0,0,0,0,0,0,0,0,0,0,0,0,0,0,0,0,0,0,0,0,0,0,0,0,0,0,0,0,0,0,0,0,0,0,0,0,0,0,0,0,0,0,0,0,0,0,0,0,0,0,0,0,0,0,0,0
0,0,0,0,0,0,0,0,0,0,0,0,0,0,0,0,0,0,0,0,0,0,0,0,0,0,0,0,0,0,0,0,0,0,0,0,0,0,0,0,0,0,0,0,0,0,0,0,0,0,0,0,0,0,0,0,0,0,0,0,0,0,0,0,0,0,0,0,0,0,0,0,0,0,0,0,0,0,0,0,0,0,0,0,0,0,0,0,0,0,0,0,0,0,0,0,0,0,0,0,0,0,0,0,0.421996413628213,0,0,0,0.421996413628213,0.421996413628213,0.421996413628213,0,0,0,0,0,0,0,0,0,0,0,0,0,0,0,0,0,0,0,0,0,0,0,0,0,0,0,0,0,0,0,0,0,0,0,0,0,0,0,0,0,0,0,0,0,0,0,0,0,0,0,0,0,0,0,0,0,0,0,0,0,0,0,0,0,0,0,0,0,0,0,0,0,0,0,0,0,0,0
0,0,0,0,0,0,0,0,0,0,0,0,0,0,0,0,0,0,0,0,0,0,0,0,0,0,0,0,0,0,0,0,0,0,0,0,0,0,0,0,0,0,0,0,0,0,0,0,0,0,0,0,0,0,0,0,0,0,0,0,0,0,0,0,0,0,0,0,0,0,0,0,0,0,0,0,0,0,0,0,0,0,0,0,0,0,0,0,0,0,0,0,0,0,0,0,0,0,0,0,0,0,0.421996413628213,0.421996413628213,0.843992827256426,0,0,0,0,0,0,0,0,0,0,0.421996413628213,0,0,0,0,0,0,0,0,0,0,0,0,0,0,0,0,0,0,0,0,0,0,0,0,0,0,0,0,0,0,0,0,0,0,0,0,0,0,0,0,0,0,0,0,0,0,0,0,0,0,0,0,0,0,0,0,0,0,0,0,0,0,0,0,0,0,0,0,0,0,0,0,0,0
0,0,0,0,0,0,0,0,0,0,0,0,0,0,0,0,0,0,0,0,0,0,0,0,0,0,0,0,0,0,0,0,0,0,0,0,0,0,0,0,0,0,0,0,0,0,0,0,0,0,0,0,0,0,0,0,0,0,0,0,0,0,0,0,0,0,0,0,0,0,0,0,0,0,0,0,0,0,0,0,0,0,0,0,0,0,0,0,0,0,0,0,0,0,0,0,0,0,0,0,0,0,0,0,0,0,0,0,0,0,0,0,0,0,0,0,0,0,0,0,0,0,0,0,0,0,0,0,0,0,0,0,0,0,0,0,0,0,0,0,0,0,0,0,0,0,0,0,0,0,0,0,0,0,0,0,0,0,0,0,0,0,0,0,0,0,0,0,0,0,0,0,0,0,0,0,0,0,0,0,0,0,0,0,0,0,0,0,0,0
0,0,0,0,0,0,0,0,0,0,0,0,0,0,0,0,0,0,0,0,0,0,0,0,0,0,0,0,0,0,0,0,0,0,0,0,0,0,0,0,0,0,0,0,0,0,0,0,0,0,0,0,0,0,0,0,0,0,0,0,0,0,0,0,0,0,0,0,0,0,0,0,0,0,0,0,0,0,0,0,0,0,0,0,0,0,0,0,0,0,0,0,0,0,0,0,0,0,0,0,0,0,0,0,0,0,0,0,0,0,0,0,0.421996413628213,0,0,0,0,0,0,0,0,0,0,0,0,0,0,0,0,0,0,0,0,0,0,0,0,0,0,0,0,0,0,0,0,0,0,0,0,0,0,0,0,0,0,0,0,0,0,0,0,0,0,0,0,0,0,0,0,0,0,0,0,0,0,0,0,0,0,0,0,0,0,0,0,0,0,0,0,0
0,0,0,0,0,0,0,0,0,0,0,0,0,0,0,0,0,0,0,0,0,0,0,0,0,0,0,0,0,0,0,0,0,0,0,0,0,0,0,0,0,0,0,0,0,0,0,0,0,0,0,0,0,0,0,0,0,0,0,0,0,0,0,0,0,0,0,0,0,0,0,0,0,0,0,0,0,0,0,0,0,0,0,0,0,0,0,0,0,0,0,0,0,0,0,0,0,0,0,0,0,0,0,0,0,0,0,0,0,0,0,0,0.421996413628213,0.843992827256426,0.421996413628213,0,0.421996413628213,0,0,0,0,0,0,0,0,0,0,0,0,0,0,0,0,0,0,0,0,0,0,0,0,0,0,0,0,0,0,0,0,0,0,0,0,0,0,0,0,0,0,0,0,0,0,0,0,0,0,0,0,0,0,0,0,0,0,0,0,0,0,0,0,0,0,0,0,0,0,0,0,0
0,0,0,0,0,0,0,0,0,0,0,0,0,0,0,0,0,0,0,0,0,0,0,0,0,0,0,0,0,0,0,0,0,0,0,0,0,0,0,0,0,0,0,0,0,0,0,0,0,0,0,0,0,0,0,0,0,0,0,0,0,0,0,0,0,0,0,0,0,0,0,0,0,0,0,0,0,0,0,0,0,0,0,0,0,0,0,0,0,0,0,0,0,0,0,0,0,0,0,0,0,0,0,0,0,0,0,0,0,0,0,0,0,0,0,0,0,0,0,0,0,0,0,0,0,0,0,0,0,0,0,0,0,0,0,0,0,0,0,0,0,0,0,0,0,0,0,0,0,0,0,0,0,0,0,0,0,0,0,0,0,0,0,0,0,0,0,0,0,0,0,0,0,0,0,0,0,0,0,0,0,0,0,0,0,0,0,0,0,0
